Perfume Name,Fragrantica URL
Dia Man Amouage,https://www.fragrantica.es/perfume/Amouage/Dia-Man-1110.html
Blessed Baraka Initio Parfums Prives,
High Frequency Initio Parfums Prives,
1725 Histoires de Parfums,
1899 Hemingway Histoires de Parfums,
Galloway Parfums de Marly,https://www.fragrantica.es/perfume/Parfums-de-Marly/Galloway-23271.html
Velvet Orchid Tom Ford,
White Suede Tom Ford,
Nomade Chloé,
Twilly dHermès Hermès,
Omnia Crystalline Bvlgari,https://www.fragrantica.es/perfume/Bvlgari/Omnia-Crystalline-Eau-de-Parfum-2024-96876.html
Insolence Eau de Parfum Guerlain,
Rain Clean Reserve,
Warm Cotton Clean,
Un Jardin Sur Le Toit Hermès,
Prada Candy Gloss Prada,https://www.fragrantica.com/perfume/Prada/Prada-Candy-Gloss-44534.html
Raghba Lattafa Perfumes,
Oud Mood Lattafa Perfumes,
Club de Nuit Urban Man Elixir Armaf,
Shuhrah Pour Homme Rasasi,
Craze Armaf,https://www.fragrantica.es/perfume/Armaf/Craze-47790.html
The Pride of Armaf For Men Armaf,
Entebaa Rasasi,
Al Noble Ameer Lattafa Perfumes,
Curious Britney Spears,
