perfume;
givenchy-pour-homme-blue-label;https://www.fragrantica.com/perfume/givenchy/givenchy-pour-homme-blue-label-38.html;Givenchy pour Homme Blue Label Givenchy;https://fimgs.net/mdimg/perfume-thumbs/375x500.38.jpg
a-men-ultra-zest;https://www.fragrantica.com/perfume/mugler/a-men-ultra-zest-29589.html;A*Men Ultra Zest Mugler;https://fimgs.net/mdimg/perfume-thumbs/375x500.29589.jpg
o-d-azur;https://www.fragrantica.com/perfume/lancome/o-d-azur-8859.html;O d'Azur Lancôme;https://fimgs.net/mdimg/perfume-thumbs/375x500.8859.jpg
passion-dance;https://www.fragrantica.com/perfume/avon/passion-dance-2714.html;Passion Dance Avon;https://fimgs.net/mdimg/perfume-thumbs/375x500.2714.jpg
egeo-dolce;https://www.fragrantica.com/perfume/o-boticario/egeo-dolce-8621.html;Egeo Dolce O Boticário;https://fimgs.net/mdimg/perfume-thumbs/375x500.8621.jpg
modern-princess;https://www.fragrantica.com/perfume/lanvin/modern-princess-38890.html;Modern Princess Lanvin;https://fimgs.net/mdimg/perfume-thumbs/375x500.38890.jpg
a-men-pure-tonka;https://www.fragrantica.com/perfume/mugler/a-men-pure-tonka-35590.html;A*Men Pure Tonka Mugler;https://fimgs.net/mdimg/perfume-thumbs/375x500.35590.jpg
angel-schlesser-femme;https://www.fragrantica.com/perfume/angel-schlesser/angel-schlesser-femme-31.html;Angel Schlesser Femme Angel Schlesser;https://fimgs.net/mdimg/perfume-thumbs/375x500.31.jpg
j-ai-ose;https://www.fragrantica.com/perfume/guy-laroche/j-ai-ose-2071.html;J'ai Osé Guy Laroche;https://fimgs.net/mdimg/perfume-thumbs/375x500.2071.jpg
club-de-nuit-intense-man-parfum;https://www.fragrantica.com/perfume/armaf/club-de-nuit-intense-man-parfum-72842.html;Club de Nuit Intense Man Parfum Armaf;https://fimgs.net/mdimg/perfume-thumbs/375x500.72842.jpg
sintra;https://www.fragrantica.com/perfume/memo-paris/sintra-62837.html;Sintra Memo Paris;https://fimgs.net/mdimg/perfume-thumbs/375x500.62837.jpg
rose-gourmand-for-her;https://www.fragrantica.com/perfume/zara/rose-gourmand-for-her-63268.html;Rose Gourmand For Her Zara;https://fimgs.net/mdimg/perfume-thumbs/375x500.63268.jpg
vanilla-woods;https://www.fragrantica.com/perfume/the-7-virtues/vanilla-woods-52560.html;Vanilla Woods The 7 Virtues;https://fimgs.net/mdimg/perfume-thumbs/375x500.52560.jpg
alien-fusion;https://www.fragrantica.com/perfume/mugler/alien-fusion-53458.html;Alien Fusion Mugler;https://fimgs.net/mdimg/perfume-thumbs/375x500.53458.jpg
when-the-rain-stops;https://www.fragrantica.com/perfume/maison-martin-margiela/when-the-rain-stops-70985.html;When the Rain Stops Maison Martin Margiela;https://fimgs.net/mdimg/perfume-thumbs/375x500.70985.jpg
my-way-intense;https://www.fragrantica.com/perfume/giorgio-armani/my-way-intense-68596.html;My Way Intense Giorgio Armani;https://fimgs.net/mdimg/perfume-thumbs/375x500.68596.jpg
sun-di-gioia;https://www.fragrantica.com/perfume/giorgio-armani/sun-di-gioia-36600.html;Sun di Gioia Giorgio Armani;https://fimgs.net/mdimg/perfume-thumbs/375x500.36600.jpg
nu;https://www.fragrantica.com/perfume/yves-saint-laurent/nu-95.html;Nu Yves Saint Laurent;https://fimgs.net/mdimg/perfume-thumbs/375x500.95.jpg
dkny-delicious-night;https://www.fragrantica.com/perfume/donna-karan/dkny-delicious-night-1947.html;DKNY Delicious Night Donna Karan;https://fimgs.net/mdimg/perfume-thumbs/375x500.1947.jpg
gucci-guilty-eau-de-parfum;https://www.fragrantica.com/perfume/gucci/gucci-guilty-eau-de-parfum-52481.html;Gucci Guilty Eau de Parfum Gucci;https://fimgs.net/mdimg/perfume-thumbs/375x500.52481.jpg
bad-boy-le-parfum;https://www.fragrantica.com/perfume/carolina-herrera/bad-boy-le-parfum-65718.html;Bad Boy Le Parfum Carolina Herrera;https://fimgs.net/mdimg/perfume-thumbs/375x500.65718.jpg
live-irresistible;https://www.fragrantica.com/perfume/givenchy/live-irresistible-31294.html;Live Irrésistible Givenchy;https://fimgs.net/mdimg/perfume-thumbs/375x500.31294.jpg
hayati;https://www.fragrantica.com/perfume/attar-collection/hayati-50344.html;Hayati Attar Collection;https://fimgs.net/mdimg/perfume-thumbs/375x500.50344.jpg
rive-gauche-pour-homme;https://www.fragrantica.com/perfume/yves-saint-laurent/rive-gauche-pour-homme-1032.html;Rive Gauche pour Homme Yves Saint Laurent;https://fimgs.net/mdimg/perfume-thumbs/375x500.1032.jpg
versace-pour-femme-dylan-purple;https://www.fragrantica.com/perfume/versace/versace-pour-femme-dylan-purple-76274.html;Versace Pour Femme Dylan Purple Versace;https://fimgs.net/mdimg/perfume-thumbs/375x500.76274.jpg
l-interdit-eau-de-toilette;https://www.fragrantica.com/perfume/givenchy/l-interdit-eau-de-toilette-56144.html;L'Interdit Eau de Toilette Givenchy;https://fimgs.net/mdimg/perfume-thumbs/375x500.56144.jpg
la-nuit-tresor-nude;https://www.fragrantica.com/perfume/lancome/la-nuit-tresor-nude-58825.html;La Nuit Trésor Nude Lancôme;https://fimgs.net/mdimg/perfume-thumbs/375x500.58825.jpg
mad-madame;https://www.fragrantica.com/perfume/juliette-has-a-gun/mad-madame-15563.html;Mad Madame Juliette Has A Gun;https://fimgs.net/mdimg/perfume-thumbs/375x500.15563.jpg
valaya;https://www.fragrantica.com/perfume/parfums-de-marly/valaya-78574.html;Valaya Parfums de Marly;https://fimgs.net/mdimg/perfume-thumbs/375x500.78574.jpg
eau-rose;https://www.fragrantica.com/perfume/diptyque/eau-rose-14214.html;Eau Rose Diptyque;https://fimgs.net/mdimg/perfume-thumbs/375x500.14214.jpg
