name,link,image_url
Penhaligon's Daphne Bouquet,https://www.fragrantica.com/perfume/Penhaligon-s/Daphne-Bouquet-107395.html,https://fimgs.net/mdimg/perfume-thumbs/375x500.107395.jpg
Penhaligon's Douro,https://www.fragrantica.com/perfume/Penhaligon-s/Douro-5672.html,https://fimgs.net/mdimg/perfume-thumbs/375x500.5672.jpg
Penhaligon's English Fern,https://www.fragrantica.com/perfume/Penhaligon-s/English-Fern-3939.html,https://fimgs.net/mdimg/perfume-thumbs/375x500.3939.jpg
Penhaligon's Gardenia fe,https://www.fragrantica.com/perfume/Penhaligon-s/Gardenia-8313.html,https://fimgs.net/mdimg/perfume-thumbs/375x500.8313.jpg
Penhaligon's Halfeti,https://www.fragrantica.com/perfume/Penhaligon-s/Halfeti-31396.html,https://fimgs.net/mdimg/perfume-thumbs/375x500.31396.jpg
Penhaligon's Legacy of Petra,https://www.fragrantica.com/perfume/Penhaligon-s/Legacy-of-Petra-75584.html,https://fimgs.net/mdimg/perfume-thumbs/375x500.75584.jpg
Penhaligon's Lily of the Valley fe,https://www.fragrantica.com/perfume/Penhaligon-s/Lily-of-the-Valley-4548.html,https://fimgs.net/mdimg/perfume-thumbs/375x500.4548.jpg
Penhaligon's Opus 1870,https://www.fragrantica.com/perfume/Penhaligon-s/Opus-1870-7052.html,https://fimgs.net/mdimg/perfume-thumbs/375x500.7052.jpg
Penhaligon's Racquets,https://www.fragrantica.com/perfume/Penhaligon-s/Racquets-65598.html,https://fimgs.net/mdimg/perfume-thumbs/375x500.65598.jpg
Penhaligon's Solaris,https://www.fragrantica.com/perfume/Penhaligon-s/Solaris-81413.html,https://fimgs.net/mdimg/perfume-thumbs/375x500.81413.jpg
Penhaligon's The Cut,https://www.fragrantica.com/perfume/Penhaligon-s/The-Cut-111758.html,https://fimgs.net/mdimg/perfume-thumbs/375x500.111758.jpg
Penhaligon's The Dandy,https://www.fragrantica.com/perfume/Penhaligon-s/The-Dandy-95396.html,https://fimgs.net/mdimg/perfume-thumbs/375x500.95396.jpg
Penhaligon's Tralala,https://www.fragrantica.com/perfume/Penhaligon-s/Tralala-23081.html,https://fimgs.net/mdimg/perfume-thumbs/375x500.23081.jpg
Penhaligon's Vaara,https://www.fragrantica.com/perfume/Penhaligon-s/Vaara-18719.html,https://fimgs.net/mdimg/perfume-thumbs/375x500.18719.jpg
Penhaligon's Artemisia fe,https://www.fragrantica.com/perfume/Penhaligon-s/Artemisia-4547.html,https://fimgs.net/mdimg/perfume-thumbs/375x500.4547.jpg
Penhaligon's Blenheim Bouquet,https://www.fragrantica.com/perfume/Penhaligon-s/Blenheim-Bouquet-3940.html,https://fimgs.net/mdimg/perfume-thumbs/375x500.3940.jpg
Penhaligon's Bluebell fe,https://www.fragrantica.com/perfume/Penhaligon-s/Bluebell-4535.html,https://fimgs.net/mdimg/perfume-thumbs/375x500.4535.jpg
Penhaligon's Castile,https://www.fragrantica.com/perfume/Penhaligon-s/Castile-4564.html,https://fimgs.net/mdimg/perfume-thumbs/375x500.4564.jpg
Penhaligon's Elisabethan Rose fe,https://www.fragrantica.com/perfume/Penhaligon-s/Elisabethan-Rose-48474.html,https://fimgs.net/mdimg/perfume-thumbs/375x500.48474.jpg
Penhaligon's Endymion,https://www.fragrantica.com/perfume/Penhaligon-s/Endymion-5674.html,https://fimgs.net/mdimg/perfume-thumbs/375x500.5674.jpg
Penhaligon's Endymion Concentré,https://www.fragrantica.com/perfume/Penhaligon-s/Endymion-Concentre-38352.html,https://fimgs.net/mdimg/perfume-thumbs/375x500.38352.jpg
Penhaligon's Hammam Bouquet,https://www.fragrantica.com/perfume/Penhaligon-s/Hammam-Bouquet-3938.html,https://fimgs.net/mdimg/perfume-thumbs/375x500.3938.jpg
Penhaligon's Highgrove Bouquet,https://www.fragrantica.com/perfume/Penhaligon-s/Highgrove-Bouquet-76125.html,https://fimgs.net/mdimg/perfume-thumbs/375x500.76125.jpg
Penhaligon's Juniper Sling,https://www.fragrantica.com/perfume/Penhaligon-s/Juniper-Sling-13266.html,https://fimgs.net/mdimg/perfume-thumbs/375x500.13266.jpg
Penhaligon's Lothair,https://www.fragrantica.com/perfume/Penhaligon-s/Lothair-27039.html,https://fimgs.net/mdimg/perfume-thumbs/375x500.27039.jpg
Penhaligon's Luna,https://www.fragrantica.com/perfume/Penhaligon-s/Luna-38351.html,https://fimgs.net/mdimg/perfume-thumbs/375x500.38351.jpg
Penhaligon's Orange Blossom fe,https://www.fragrantica.com/perfume/Penhaligon-s/Orange-Blossom-8636.html,https://fimgs.net/mdimg/perfume-thumbs/375x500.8636.jpg
Penhaligon's Quercus,https://www.fragrantica.com/perfume/Penhaligon-s/Quercus-4563.html,https://fimgs.net/mdimg/perfume-thumbs/375x500.4563.jpg
Penhaligon's Sartorial,https://www.fragrantica.com/perfume/Penhaligon-s/Sartorial-10559.html,https://fimgs.net/mdimg/perfume-thumbs/375x500.10559.jpg
Penhaligon's Savoy Steam,https://www.fragrantica.com/perfume/Penhaligon-s/Savoy-Steam-42702.html,https://fimgs.net/mdimg/perfume-thumbs/375x500.42702.jpg
Penhaligon's Savoy Steam Eau de Cologne,https://www.fragrantica.com/perfume/Penhaligon-s/Savoy-Steam-Eau-de-Cologne-45013.html,https://fimgs.net/mdimg/perfume-thumbs/375x500.45013.jpg
Penhaligon's Sports Car Club,https://www.fragrantica.com/perfume/Penhaligon-s/Sports-Car-Club-73924.html,https://fimgs.net/mdimg/perfume-thumbs/375x500.73924.jpg
Penhaligon's The Favourite fe,https://www.fragrantica.com/perfume/Penhaligon-s/The-Favourite-59836.html,https://fimgs.net/mdimg/perfume-thumbs/375x500.59836.jpg
Penhaligon's Changing Constance fe,https://www.fragrantica.com/perfume/Penhaligon-s/Changing-Constance-50256.html,https://fimgs.net/mdimg/perfume-thumbs/375x500.50256.jpg
Penhaligon's Clandestine Clara  fe,https://www.fragrantica.com/perfume/Penhaligon-s/Clandestine-Clara-43808.html,https://fimgs.net/mdimg/perfume-thumbs/375x500.43808.jpg
Penhaligon's Fortuitous Finley,https://www.fragrantica.com/perfume/Penhaligon-s/Fortuitous-Finley-103514.html,https://fimgs.net/mdimg/perfume-thumbs/375x500.103514.jpg
Penhaligon's Heartless Helen fe,https://www.fragrantica.com/perfume/Penhaligon-s/Heartless-Helen-55442.html,https://fimgs.net/mdimg/perfume-thumbs/375x500.55442.jpg
Penhaligon's Monsieur Beauregard,https://www.fragrantica.com/perfume/Penhaligon-s/Monsieur-Beauregard-46485.html,https://fimgs.net/mdimg/perfume-thumbs/375x500.46485.jpg
Penhaligon's Much Ado About The Duke,https://www.fragrantica.com/perfume/Penhaligon-s/Much-Ado-About-The-Duke-40713.html,https://fimgs.net/mdimg/perfume-thumbs/375x500.40713.jpg
Penhaligon's Roaring Radcliff,https://www.fragrantica.com/perfume/Penhaligon-s/Roaring-Radcliff-43037.html,https://fimgs.net/mdimg/perfume-thumbs/375x500.43037.jpg
Penhaligon's Terrible Teddy,https://www.fragrantica.com/perfume/Penhaligon-s/Terrible-Teddy-55441.html,https://fimgs.net/mdimg/perfume-thumbs/375x500.55441.jpg
Penhaligon's The Bewitching Yasmine fe,https://www.fragrantica.com/perfume/Penhaligon-s/The-Bewitching-Yasmine-46504.html,https://fimgs.net/mdimg/perfume-thumbs/375x500.46504.jpg
Penhaligon's The Blazing Mr Sam,https://www.fragrantica.com/perfume/Penhaligon-s/The-Blazing-Mr-Sam-50255.html,https://fimgs.net/mdimg/perfume-thumbs/375x500.50255.jpg
Penhaligon's The Coveted Duchess Rose fe,https://www.fragrantica.com/perfume/Penhaligon-s/The-Coveted-Duchess-Rose-40714.html,https://fimgs.net/mdimg/perfume-thumbs/375x500.40714.jpg
Penhaligon's The Impudent Cousin Matthew,https://www.fragrantica.com/perfume/Penhaligon-s/The-Impudent-Cousin-Matthew-53875.html,https://fimgs.net/mdimg/perfume-thumbs/375x500.53875.jpg
Penhaligon's The Ingénue Cousin Flora fe,https://www.fragrantica.com/perfume/Penhaligon-s/The-Ingenue-Cousin-Flora-53876.html,https://fimgs.net/mdimg/perfume-thumbs/375x500.53876.jpg
Penhaligon's The Inimitable William Penhaligon,https://www.fragrantica.com/perfume/Penhaligon-s/The-Inimitable-William-Penhaligon-63969.html,https://fimgs.net/mdimg/perfume-thumbs/375x500.63969.jpg
Penhaligon's The Omniscient Mr Thompson,https://www.fragrantica.com/perfume/Penhaligon-s/The-Omniscient-Mr-Thompson-84254.html,https://fimgs.net/mdimg/perfume-thumbs/375x500.84254.jpg
Penhaligon's The Revenge Of Lady Blanche fe,https://www.fragrantica.com/perfume/Penhaligon-s/The-Revenge-Of-Lady-Blanche-40715.html,https://fimgs.net/mdimg/perfume-thumbs/375x500.40715.jpg
Penhaligon's The Ruthless Countess Dorothea fe,https://www.fragrantica.com/perfume/Penhaligon-s/The-Ruthless-Countess-Dorothea-46484.html,https://fimgs.net/mdimg/perfume-thumbs/375x500.46484.jpg
Penhaligon's The Tragedy of Lord George,https://www.fragrantica.com/perfume/Penhaligon-s/The-Tragedy-of-Lord-George-40716.html,https://fimgs.net/mdimg/perfume-thumbs/375x500.40716.jpg
Penhaligon's The Uncompromising Sohan,https://www.fragrantica.com/perfume/Penhaligon-s/The-Uncompromising-Sohan-46503.html,https://fimgs.net/mdimg/perfume-thumbs/375x500.46503.jpg
Penhaligon's The World According to Arthur,https://www.fragrantica.com/perfume/Penhaligon-s/The-World-According-to-Arthur-71646.html,https://fimgs.net/mdimg/perfume-thumbs/375x500.71646.jpg
Penhaligon's A Balm Of Calm,https://www.fragrantica.com/perfume/Penhaligon-s/A-Balm-Of-Calm-84257.html,https://fimgs.net/mdimg/perfume-thumbs/375x500.84257.jpg
Penhaligon's A Kiss Of Bliss,https://www.fragrantica.com/perfume/Penhaligon-s/A-Kiss-Of-Bliss-84256.html,https://fimgs.net/mdimg/perfume-thumbs/375x500.84256.jpg
Penhaligon's Eau de Audacity,https://www.fragrantica.com/perfume/Penhaligon-s/Eau-de-Audacity-84258.html,https://fimgs.net/mdimg/perfume-thumbs/375x500.84258.jpg
Penhaligon's Liquid Love,https://www.fragrantica.com/perfume/Penhaligon-s/Liquid-Love-84259.html,https://fimgs.net/mdimg/perfume-thumbs/375x500.84259.jpg
Penhaligon's Vra Vra Vroom,https://www.fragrantica.com/perfume/Penhaligon-s/Vra-Vra-Vroom-84255.html,https://fimgs.net/mdimg/perfume-thumbs/375x500.84255.jpg
Penhaligon's AIUla,https://www.fragrantica.com/perfume/Penhaligon-s/AIUla-90117.html,https://fimgs.net/mdimg/perfume-thumbs/375x500.90117.jpg
Penhaligon's Babylon,https://www.fragrantica.com/perfume/Penhaligon-s/Babylon-57835.html,https://fimgs.net/mdimg/perfume-thumbs/375x500.57835.jpg
Penhaligon's Cairo,https://www.fragrantica.com/perfume/Penhaligon-s/Cairo-54665.html,https://fimgs.net/mdimg/perfume-thumbs/375x500.54665.jpg
Penhaligon's Constantinople,https://www.fragrantica.com/perfume/Penhaligon-s/Constantinople-68998.html,https://fimgs.net/mdimg/perfume-thumbs/375x500.68998.jpg
Penhaligon's Empressa fe,https://www.fragrantica.com/perfume/Penhaligon-s/Empressa-27037.html,https://fimgs.net/mdimg/perfume-thumbs/375x500.27037.jpg
Penhaligon's Empressa Eau de Parfum fe,https://www.fragrantica.com/perfume/Penhaligon-s/Empressa-Eau-de-Parfum-67818.html,https://fimgs.net/mdimg/perfume-thumbs/375x500.67818.jpg
Penhaligon's Empressa Hair & Body Mist fe,https://www.fragrantica.com/perfume/Penhaligon-s/Empressa-Hair-Body-Mist-68275.html,https://fimgs.net/mdimg/perfume-thumbs/375x500.68275.jpg
Penhaligon's Halfeti Cedar,https://www.fragrantica.com/perfume/Penhaligon-s/Halfeti-Cedar-64560.html,https://fimgs.net/mdimg/perfume-thumbs/375x500.64560.jpg
Penhaligon's Halfeti Leather,https://www.fragrantica.com/perfume/Penhaligon-s/Halfeti-Leather-61523.html,https://fimgs.net/mdimg/perfume-thumbs/375x500.61523.jpg
Penhaligon's Agarwood,https://www.fragrantica.com/perfume/Penhaligon-s/Agarwood-90027.html,https://fimgs.net/mdimg/perfume-thumbs/375x500.90027.jpg
Penhaligon's Ormolu fe,https://www.fragrantica.com/perfume/Penhaligon-s/Ormolu-92288.html,https://fimgs.net/mdimg/perfume-thumbs/375x500.92288.jpg
Penhaligon's Agarbathi,https://www.fragrantica.com/perfume/Penhaligon-s/Agarbathi-45240.html,https://fimgs.net/mdimg/perfume-thumbs/375x500.45240.jpg
Penhaligon's Alizarin,https://www.fragrantica.com/perfume/Penhaligon-s/Alizarin-40196.html,https://fimgs.net/mdimg/perfume-thumbs/375x500.40196.jpg
Penhaligon's Amaranthine fe,https://www.fragrantica.com/perfume/Penhaligon-s/Amaranthine-6802.html,https://fimgs.net/mdimg/perfume-thumbs/375x500.6802.jpg
Penhaligon's As Sawira,https://www.fragrantica.com/perfume/Penhaligon-s/As-Sawira-29223.html,https://fimgs.net/mdimg/perfume-thumbs/375x500.29223.jpg
Penhaligon's Bayolea,https://www.fragrantica.com/perfume/Penhaligon-s/Bayolea-26452.html,https://fimgs.net/mdimg/perfume-thumbs/375x500.26452.jpg
Penhaligon's Belgravia Chypre,https://www.fragrantica.com/perfume/Penhaligon-s/Belgravia-Chypre-49652.html,https://fimgs.net/mdimg/perfume-thumbs/375x500.49652.jpg
Penhaligon's Blasted Bloom fe,https://www.fragrantica.com/perfume/Penhaligon-s/Blasted-Bloom-32852.html,https://fimgs.net/mdimg/perfume-thumbs/375x500.32852.jpg
Penhaligon's Blasted Heath,https://www.fragrantica.com/perfume/Penhaligon-s/Blasted-Heath-32851.html,https://fimgs.net/mdimg/perfume-thumbs/375x500.32851.jpg
Penhaligon's Brilliantly British,https://www.fragrantica.com/perfume/Penhaligon-s/Brilliantly-British-62879.html,https://fimgs.net/mdimg/perfume-thumbs/375x500.62879.jpg
Penhaligon's Cornubia fe,https://www.fragrantica.com/perfume/Penhaligon-s/Cornubia-5671.html,https://fimgs.net/mdimg/perfume-thumbs/375x500.5671.jpg
Penhaligon's Eau de Cologne,https://www.fragrantica.com/perfume/Penhaligon-s/Eau-de-Cologne-8635.html,https://fimgs.net/mdimg/perfume-thumbs/375x500.8635.jpg
Penhaligon's Eau de Verveine,https://www.fragrantica.com/perfume/Penhaligon-s/Eau-de-Verveine-9400.html,https://fimgs.net/mdimg/perfume-thumbs/375x500.9400.jpg
Penhaligon's Eau Sans Pareil fe,https://www.fragrantica.com/perfume/Penhaligon-s/Eau-Sans-Pareil-12348.html,https://fimgs.net/mdimg/perfume-thumbs/375x500.12348.jpg
Penhaligon's Elisabethan Rose - Vintage fe,https://www.fragrantica.com/perfume/Penhaligon-s/Elisabethan-Rose-Vintage-4550.html,https://fimgs.net/mdimg/perfume-thumbs/375x500.4550.jpg
Penhaligon's Elixir,https://www.fragrantica.com/perfume/Penhaligon-s/Elixir-5673.html,https://fimgs.net/mdimg/perfume-thumbs/375x500.5673.jpg
Penhaligon's Ellenisia fe,https://www.fragrantica.com/perfume/Penhaligon-s/Ellenisia-4554.html,https://fimgs.net/mdimg/perfume-thumbs/375x500.4554.jpg
Penhaligon's Equinox Bloom,https://www.fragrantica.com/perfume/Penhaligon-s/Equinox-Bloom-35897.html,https://fimgs.net/mdimg/perfume-thumbs/375x500.35897.jpg
Penhaligon's Esprit du Roi,https://www.fragrantica.com/perfume/Penhaligon-s/Esprit-du-Roi-12349.html,https://fimgs.net/mdimg/perfume-thumbs/375x500.12349.jpg
Penhaligon's Extract of Limes,https://www.fragrantica.com/perfume/Penhaligon-s/Extract-of-Limes-9399.html,https://fimgs.net/mdimg/perfume-thumbs/375x500.9399.jpg
Penhaligon's Iris Prima,https://www.fragrantica.com/perfume/Penhaligon-s/Iris-Prima-18488.html,https://fimgs.net/mdimg/perfume-thumbs/375x500.18488.jpg
Penhaligon's Jubilee Bouquet fe,https://www.fragrantica.com/perfume/Penhaligon-s/Jubilee-Bouquet-10123.html,https://fimgs.net/mdimg/perfume-thumbs/375x500.10123.jpg
Penhaligon's Kensington Amber,https://www.fragrantica.com/perfume/Penhaligon-s/Kensington-Amber-49653.html,https://fimgs.net/mdimg/perfume-thumbs/375x500.49653.jpg
Penhaligon's Lavandula,https://www.fragrantica.com/perfume/Penhaligon-s/Lavandula-4562.html,https://fimgs.net/mdimg/perfume-thumbs/375x500.4562.jpg
Penhaligon's Levantium,https://www.fragrantica.com/perfume/Penhaligon-s/Levantium-27038.html,https://fimgs.net/mdimg/perfume-thumbs/375x500.27038.jpg
Penhaligon's Lily & Spice fe,https://www.fragrantica.com/perfume/Penhaligon-s/Lily-Spice-4544.html,https://fimgs.net/mdimg/perfume-thumbs/375x500.4544.jpg
Penhaligon's LP No. 9 fe,https://www.fragrantica.com/perfume/Penhaligon-s/LP-No-9-7053.html,https://fimgs.net/mdimg/perfume-thumbs/375x500.7053.jpg
Penhaligon's LP No.9 for Men,https://www.fragrantica.com/perfume/Penhaligon-s/LP-No-9-for-Men-5675.html,https://fimgs.net/mdimg/perfume-thumbs/375x500.5675.jpg
Penhaligon's Malabah fe,https://www.fragrantica.com/perfume/Penhaligon-s/Malabah-3712.html,https://fimgs.net/mdimg/perfume-thumbs/375x500.3712.jpg
Penhaligon's Marylebone Wood,https://www.fragrantica.com/perfume/Penhaligon-s/Marylebone-Wood-49654.html,https://fimgs.net/mdimg/perfume-thumbs/375x500.49654.jpg
Penhaligon's Mr Harrod,https://www.fragrantica.com/perfume/Penhaligon-s/Mr-Harrod-57190.html,https://fimgs.net/mdimg/perfume-thumbs/375x500.57190.jpg
Penhaligon's Night Scented Stock fe,https://www.fragrantica.com/perfume/Penhaligon-s/Night-Scented-Stock-9193.html,https://fimgs.net/mdimg/perfume-thumbs/375x500.9193.jpg
Penhaligon's Ninevah fe,https://www.fragrantica.com/perfume/Penhaligon-s/Ninevah-42713.html,https://fimgs.net/mdimg/perfume-thumbs/375x500.42713.jpg
Penhaligon's No. 33 Eau de Cologne,https://www.fragrantica.com/perfume/Penhaligon-s/No-33-Eau-de-Cologne-31560.html,https://fimgs.net/mdimg/perfume-thumbs/375x500.31560.jpg
Penhaligon's Ostara fe,https://www.fragrantica.com/perfume/Penhaligon-s/Ostara-29026.html,https://fimgs.net/mdimg/perfume-thumbs/375x500.29026.jpg
Penhaligon's Oud de Nil fe,https://www.fragrantica.com/perfume/Penhaligon-s/Oud-de-Nil-40195.html,https://fimgs.net/mdimg/perfume-thumbs/375x500.40195.jpg
Penhaligon's Paithani fe,https://www.fragrantica.com/perfume/Penhaligon-s/Paithani-45239.html,https://fimgs.net/mdimg/perfume-thumbs/375x500.45239.jpg
Penhaligon's Peoneve fe,https://www.fragrantica.com/perfume/Penhaligon-s/Peoneve-14950.html,https://fimgs.net/mdimg/perfume-thumbs/375x500.14950.jpg
Penhaligon's Racquets Formula,https://www.fragrantica.com/perfume/Penhaligon-s/Racquets-Formula-7054.html,https://fimgs.net/mdimg/perfume-thumbs/375x500.7054.jpg
Penhaligon's Victorian Posy fe,https://www.fragrantica.com/perfume/Penhaligon-s/Victorian-Posy-4557.html,https://fimgs.net/mdimg/perfume-thumbs/375x500.4557.jpg
Penhaligon's Violetta fe,https://www.fragrantica.com/perfume/Penhaligon-s/Violetta-4035.html,https://fimgs.net/mdimg/perfume-thumbs/375x500.4035.jpg
Penhaligon's Zizonia fe,https://www.fragrantica.com/perfume/Penhaligon-s/Zizonia-10122.html,https://fimgs.net/mdimg/perfume-thumbs/375x500.10122.jpg
